"N","r","BF10","Emotion","ROI","Outcome","OutcomeType","version"
64,-0.424473314080137,234.126464565241,"sadness","Right FPC","Average_eye_openness","ET","V1_pooled"
71,-0.383660455943352,114.495471816822,"disgust","Left VLPFC","Total_duration_of_fixations","ET","V1_pooled"
65,-0.385170665416393,71.1181176731028,"joy","Right VLPFC","Average_pupil_diameter","ET","V1_pooled"
68,-0.381361292100957,69.4369959695452,"disgust","Left VLPFC","Average_eye_openness","ET","V1_pooled"
65,-0.370827200994232,49.652314617861,"joy","Right VLPFC","Total_duration_of_fixations","ET","V1_pooled"
65,-0.371188459190126,43.4122603285523,"sadness","Right VLPFC","Average_eye_openness","ET","V1_pooled"
67,-0.361011723912996,37.5968283909812,"sadness","Left FPC","Average_eye_openness","ET","V1_pooled"
72,-0.348750220329185,36.4820414376051,"joy","Right DLPFC","Total_duration_of_fixations","ET","V1_pooled"
67,-0.348270310673398,28.2737802719653,"disgust","Left FPC","Average_eye_openness","ET","V1_pooled"
68,-0.34740062488806,27.390744648003,"joy","Right DLPFC","Average_eye_openness","ET","V1_pooled"
64,-0.352250513632166,25.4292753020093,"disgust","Right FPC","Average_eye_openness","ET","V1_pooled"
70,-0.332739994694005,20.5012807141866,"sadness","Left DLPFC","Average_pupil_diameter","ET","V1_pooled"
70,-0.331312367553963,19.3350067674962,"fear","Left FPC","Average_pupil_diameter","ET","V1_pooled"
71,-0.328335173941269,19.2185378308103,"joy","Left VLPFC","Total_duration_of_fixations","ET","V1_pooled"
65,-0.333732481090295,17.2184304329256,"fear","Right VLPFC","Average_pupil_diameter","ET","V1_pooled"
73,-0.312005862465547,14.7944574063052,"sadness","Left OFC","Total_duration_of_fixations","ET","V1_pooled"
73,-0.313979080412477,14.7944574063052,"sadness","Right OFC","Total_duration_of_fixations","ET","V1_pooled"
71,-0.314003620699975,13.0315100564155,"joy","Left VLPFC","Number_of_fixations","ET","V1_pooled"
65,-0.310441985435658,10.439062371903,"disgust","Right VLPFC","Number_of_fixations","ET","V1_pooled"
68,-0.310253763064596,10.0688052745321,"sadness","Left VLPFC","Average_eye_openness","ET","V1_pooled"
65,-0.311546517407055,9.72233094158453,"sadness","Right VLPFC","Total_duration_of_fixations","ET","V1_pooled"
69,-0.299024016027093,8.68372147467627,"sadness","Left OFC","Average_eye_openness","ET","V1_pooled"
69,-0.296936732235212,8.68372147467627,"sadness","Right OFC","Average_eye_openness","ET","V1_pooled"
73,-0.293189001535755,8.62204690192429,"disgust","Left OFC","Number_of_fixations","ET","V1_pooled"
73,-0.296527903034525,8.62204690192429,"disgust","Right OFC","Number_of_fixations","ET","V1_pooled"
66,-0.299615415532407,7.54316414833468,"sadness","Left DLPFC","Average_eye_openness","ET","V1_pooled"
72,-0.285334163915345,7.00753716922699,"disgust","Right DLPFC","Number_of_fixations","ET","V1_pooled"
71,-0.285162659401064,6.79658879259036,"sadness","Left VLPFC","Total_duration_of_fixations","ET","V1_pooled"
68,-0.285610449940651,5.76986524448913,"sadness","Right FPC","Total_duration_of_fixations","ET","V1_pooled"
65,-0.283733746954433,5.67840739983558,"disgust","Right VLPFC","Average_pupil_diameter","ET","V1_pooled"
68,-0.281663557624738,5.55677123517765,"joy","Left VLPFC","Average_eye_openness","ET","V1_pooled"
73,-0.268694522219633,5.37120101278238,"joy","Left OFC","Total_duration_of_fixations","ET","V1_pooled"
73,-0.269501025652529,5.37120101278238,"joy","Right OFC","Total_duration_of_fixations","ET","V1_pooled"
65,-0.282702826275577,5.29826363056146,"joy","Right VLPFC","Number_of_fixations","ET","V1_pooled"
68,-0.280162685508053,5.26880104511879,"sadness","Right DLPFC","Average_eye_openness","ET","V1_pooled"
70,-0.274373074486578,5.16586417081201,"disgust","Left FPC","Number_of_fixations","ET","V1_pooled"
72,-0.271046413370207,5.16169030488899,"joy","Right DLPFC","Q2","Survey","V1_pooled"
67,-0.277694297349972,4.78012895914741,"joy","Left FPC","Average_eye_openness","ET","V1_pooled"
68,-0.277507554474883,4.62131774650369,"disgust","Right DLPFC","Average_eye_openness","ET","V1_pooled"
65,-0.271679509041461,4.02867639697224,"joy","Right VLPFC","Average_eye_openness","ET","V1_pooled"
72,0.25713404457554,3.96943762697716,"anger","Right DLPFC","Q4","Survey","V1_pooled"
65,-0.269657461908739,3.84545495202258,"disgust","Right VLPFC","Average_eye_openness","ET","V1_pooled"
65,-0.261387747535867,3.23529335553575,"fear","Right VLPFC","Q4","Survey","V1_pooled"
73,-0.247592006277844,3.2201673959593,"disgust","Left OFC","Q4","Survey","V1_pooled"
73,-0.247818942739217,3.2201673959593,"disgust","Right OFC","Q4","Survey","V1_pooled"
73,-0.246813993464099,3.20601540712418,"joy","Left OFC","Number_of_fixations","ET","V1_pooled"
73,-0.250103989900943,3.20601540712418,"joy","Right OFC","Number_of_fixations","ET","V1_pooled"
65,-0.253791131996292,2.82522216905935,"disgust","Right VLPFC","Q4","Survey","V1_pooled"
72,-0.241219331675356,2.68530864462353,"joy","Right DLPFC","Average_pupil_diameter","ET","V1_pooled"
72,-0.241840888114894,2.66514980497317,"joy","Right DLPFC","Number_of_fixations","ET","V1_pooled"
72,-0.243357528660048,2.63742324260764,"disgust","Right DLPFC","Total_duration_of_fixations","ET","V1_pooled"
73,-0.23587402173396,2.38032051392825,"disgust","Left OFC","Total_duration_of_fixations","ET","V1_pooled"
73,-0.236958451079304,2.38032051392825,"disgust","Right OFC","Total_duration_of_fixations","ET","V1_pooled"
65,-0.239991517734884,2.29093654518126,"fear","Right VLPFC","Q1","Survey","V1_pooled"
69,-0.232249162583756,2.19915637740187,"joy","Left OFC","Average_eye_openness","ET","V1_pooled"
69,-0.236627454359516,2.19915637740187,"joy","Right OFC","Average_eye_openness","ET","V1_pooled"
68,-0.233104346388546,2.08681917386015,"disgust","Right FPC","Total_duration_of_fixations","ET","V1_pooled"
70,-0.227201293551215,2.07676036284669,"joy","Left FPC","Number_of_fixations","ET","V1_pooled"
72,-0.227337072234515,2.06744658107599,"disgust","Right DLPFC","Q2","Survey","V1_pooled"
72,-0.225415278360269,1.98140636621494,"disgust","Right DLPFC","Average_pupil_diameter","ET","V1_pooled"
65,-0.23101297107107,1.93906149773497,"anger","Right VLPFC","Average_eye_openness","ET","V1_pooled"
65,-0.229386336913975,1.93895980237003,"fear","Right VLPFC","Q_mean","Survey","V1_pooled"
73,-0.219520310729919,1.93804877705455,"disgust","Left OFC","Q2","Survey","V1_pooled"
73,-0.228181855609545,1.93804877705455,"disgust","Right OFC","Q2","Survey","V1_pooled"
65,-0.224604583499961,1.66934702398056,"fear","Right VLPFC","Total_duration_of_fixations","ET","V1_pooled"
66,-0.219205879215404,1.6691415958023,"joy","Left DLPFC","Average_eye_openness","ET","V1_pooled"
65,-0.221613925090267,1.66400061900428,"disgust","Right VLPFC","Q3","Survey","V1_pooled"
70,-0.214294321040514,1.58961946914362,"disgust","Left DLPFC","Average_pupil_diameter","ET","V1_pooled"
68,-0.216264747898135,1.54457206583608,"disgust","Right FPC","Q4","Survey","V1_pooled"
71,-0.210176287337387,1.51308671710795,"disgust","Left VLPFC","Number_of_fixations","ET","V1_pooled"
69,-0.208421103488677,1.45393931373831,"disgust","Left OFC","Average_eye_openness","ET","V1_pooled"
69,-0.211462048470101,1.45393931373831,"disgust","Right OFC","Average_eye_openness","ET","V1_pooled"
70,-0.207179307646188,1.3891175561836,"anger","Left DLPFC","Average_pupil_diameter","ET","V1_pooled"
72,-0.200807483545391,1.38588938260507,"sadness","Right DLPFC","Average_pupil_diameter","ET","V1_pooled"
65,-0.209270852434074,1.37310715594208,"disgust","Right VLPFC","Total_duration_of_fixations","ET","V1_pooled"
71,-0.200569261572377,1.2555406901679,"anger","Left VLPFC","Q1","Survey","V1_pooled"
70,-0.198331495476044,1.23417575808424,"disgust","Left FPC","Average_pupil_diameter","ET","V1_pooled"
68,-0.19479563338228,1.18159384618285,"disgust","Right FPC","Number_of_fixations","ET","V1_pooled"
65,-0.205347447729645,1.16315580883511,"disgust","Right VLPFC","Q_mean","Survey","V1_pooled"
72,-0.193498018393568,1.14006343386773,"fear","Right DLPFC","Number_of_fixations","ET","V1_pooled"
73,-0.193448119857045,1.13832558165431,"disgust","Left OFC","Q_mean","Survey","V1_pooled"
73,-0.189505552182825,1.13832558165431,"disgust","Right OFC","Q_mean","Survey","V1_pooled"
72,-0.194086045643995,1.13278304618837,"disgust","Right DLPFC","Q4","Survey","V1_pooled"
72,0.188957861424098,1.1133105435517,"anger","Right DLPFC","Q_mean","Survey","V1_pooled"
65,-0.194167553450985,1.07098737884284,"fear","Right VLPFC","Q3","Survey","V1_pooled"
72,-0.186610025407701,1.06200063255222,"disgust","Right DLPFC","Q_mean","Survey","V1_pooled"
73,0.183273942265981,1.02688818517629,"anger","Left OFC","Q4","Survey","V1_pooled"
73,0.184881532691624,1.02688818517629,"anger","Right OFC","Q4","Survey","V1_pooled"
70,-0.184821440792535,1.02643230581303,"disgust","Left FPC","Total_duration_of_fixations","ET","V1_pooled"
71,-0.184467578553012,1.02361329665039,"disgust","Left VLPFC","Q4","Survey","V1_pooled"
70,-0.183034346635685,0.969892764091203,"sadness","Left FPC","Total_duration_of_fixations","ET","V1_pooled"
64,-0.185533243069675,0.959610276028399,"joy","Right FPC","Average_eye_openness","ET","V1_pooled"
72,-0.18067387161491,0.934216496739737,"disgust","Right DLPFC","Q3","Survey","V1_pooled"
70,-0.181546664917807,0.907805802033478,"sadness","Left DLPFC","Total_duration_of_fixations","ET","V1_pooled"
70,-0.180302024419659,0.907393515450675,"joy","Left DLPFC","Q2","Survey","V1_pooled"
72,-0.180444138922359,0.907255212750721,"joy","Right DLPFC","Q1","Survey","V1_pooled"
68,-0.17764558976986,0.904869742387047,"anger","Right FPC","Number_of_fixations","ET","V1_pooled"
72,0.177578199897181,0.896945232990594,"anger","Right DLPFC","Q3","Survey","V1_pooled"
70,-0.180690044161239,0.889116785741895,"anger","Left DLPFC","Number_of_fixations","ET","V1_pooled"
72,0.17720987698567,0.876710182479431,"anger","Right DLPFC","Q2","Survey","V1_pooled"
65,-0.17565510827485,0.853820927831506,"sadness","Right VLPFC","Number_of_fixations","ET","V1_pooled"
70,-0.167557665268478,0.845708838751748,"joy","Left FPC","Average_pupil_diameter","ET","V1_pooled"
65,-0.176379513663748,0.820383839997917,"fear","Right VLPFC","Q2","Survey","V1_pooled"
70,-0.168658049720696,0.813692266335095,"sadness","Left FPC","Average_pupil_diameter","ET","V1_pooled"
65,-0.174045790467009,0.808523071902831,"disgust","Right VLPFC","Q2","Survey","V1_pooled"
68,-0.168344759944695,0.806549466616285,"disgust","Right FPC","Q_mean","Survey","V1_pooled"
66,-0.169585726422915,0.783152239040375,"disgust","Left DLPFC","Average_eye_openness","ET","V1_pooled"
68,-0.167037130532729,0.755178165077758,"anger","Left VLPFC","Average_eye_openness","ET","V1_pooled"
70,-0.164726021679908,0.749736656002866,"sadness","Left FPC","Average_duration_of_fixations","ET","V1_pooled"
70,-0.158244203303038,0.747810569218417,"fear","Left DLPFC","Q1","Survey","V1_pooled"
65,-0.165351782937,0.74771096735473,"sadness","Right VLPFC","Average_pupil_diameter","ET","V1_pooled"
72,-0.161872535686787,0.738115175044199,"sadness","Right DLPFC","Total_duration_of_fixations","ET","V1_pooled"
72,-0.160824165950423,0.719308912375557,"joy","Right DLPFC","Q_mean","Survey","V1_pooled"
67,-0.162893412572464,0.710569873235071,"fear","Left FPC","Average_eye_openness","ET","V1_pooled"
70,-0.161173001840936,0.700632080105046,"fear","Left FPC","Number_of_fixations","ET","V1_pooled"
68,-0.160136946775146,0.699621315402842,"anger","Right FPC","Average_pupil_diameter","ET","V1_pooled"
70,-0.158749731814815,0.69808265421778,"joy","Left FPC","Total_duration_of_fixations","ET","V1_pooled"
70,-0.156465858625446,0.665282615840907,"fear","Left FPC","Total_duration_of_fixations","ET","V1_pooled"
68,-0.149725490640017,0.653905893626501,"disgust","Right FPC","Q3","Survey","V1_pooled"
71,-0.14901351131043,0.652887489097178,"fear","Left VLPFC","Q4","Survey","V1_pooled"
70,0.150490497261578,0.643915978785765,"anger","Left DLPFC","Q4","Survey","V1_pooled"
68,-0.153286402135351,0.641981813191817,"joy","Right FPC","Total_duration_of_fixations","ET","V1_pooled"
73,0.147451840126764,0.639468989632011,"sadness","Left OFC","Q3","Survey","V1_pooled"
73,0.151533598868022,0.639468989632011,"sadness","Right OFC","Q3","Survey","V1_pooled"
71,-0.148623734045957,0.634553163623099,"fear","Left VLPFC","Q1","Survey","V1_pooled"
70,0.146025477153455,0.630670928820489,"anger","Left DLPFC","Q2","Survey","V1_pooled"
71,-0.145088916560192,0.62952163151505,"anger","Left VLPFC","Total_duration_of_fixations","ET","V1_pooled"
68,-0.150635589450745,0.612989137891727,"sadness","Right FPC","Number_of_fixations","ET","V1_pooled"
73,-0.14508569286334,0.606729147182617,"fear","Left OFC","Q1","Survey","V1_pooled"
73,-0.139960833933455,0.606729147182617,"fear","Right OFC","Q1","Survey","V1_pooled"
73,-0.138006249115893,0.585223251109665,"anger","Left OFC","Average_pupil_diameter","ET","V1_pooled"
73,-0.145697831443392,0.585223251109665,"anger","Right OFC","Average_pupil_diameter","ET","V1_pooled"
65,-0.13857176725558,0.57958722051834,"fear","Right VLPFC","Number_of_fixations","ET","V1_pooled"
72,0.138053575012281,0.573483869333187,"sadness","Right DLPFC","Q3","Survey","V1_pooled"
72,-0.140154897905776,0.573436052367208,"joy","Right DLPFC","Q3","Survey","V1_pooled"
68,-0.139612631564243,0.565661476094434,"joy","Right FPC","Average_duration_of_fixations","ET","V1_pooled"
71,-0.142278391496064,0.563263756133247,"sadness","Left VLPFC","Average_duration_of_fixations","ET","V1_pooled"
70,0.13666400423391,0.556226655305637,"fear","Left DLPFC","Number_of_fixations","ET","V1_pooled"
68,0.136622038630218,0.552201042850503,"fear","Right FPC","Number_of_fixations","ET","V1_pooled"
72,-0.139685021354317,0.552136883451901,"sadness","Right DLPFC","Average_duration_of_fixations","ET","V1_pooled"
70,0.137971290242099,0.549270351879339,"anger","Left DLPFC","Q_mean","Survey","V1_pooled"
70,-0.137128348081928,0.545102787059524,"fear","Left FPC","Q1","Survey","V1_pooled"
68,-0.136899645384379,0.54491825033879,"disgust","Right FPC","Q1","Survey","V1_pooled"
73,-0.136660211910446,0.532902931811444,"sadness","Left OFC","Average_duration_of_fixations","ET","V1_pooled"
73,-0.131515697818892,0.532902931811444,"sadness","Right OFC","Average_duration_of_fixations","ET","V1_pooled"
70,-0.132226709162539,0.53090565863871,"sadness","Left DLPFC","Average_duration_of_fixations","ET","V1_pooled"
64,-0.135483525799154,0.523837801802945,"anger","Right FPC","Average_eye_openness","ET","V1_pooled"
70,0.124698034997218,0.495550508948003,"sadness","Left DLPFC","Q3","Survey","V1_pooled"
70,0.12288482946087,0.495090615234901,"anger","Left FPC","Number_of_fixations","ET","V1_pooled"
73,-0.123299499951094,0.490973526472781,"disgust","Left OFC","Q3","Survey","V1_pooled"
73,-0.128916209543397,0.490973526472781,"disgust","Right OFC","Q3","Survey","V1_pooled"
71,-0.126480551069569,0.487525187915275,"fear","Left VLPFC","Q_mean","Survey","V1_pooled"
68,-0.121247347044131,0.483443020402838,"disgust","Right FPC","Q2","Survey","V1_pooled"
65,-0.128333575267047,0.477934113242107,"sadness","Right VLPFC","Average_duration_of_fixations","ET","V1_pooled"
72,-0.12024267268473,0.477444032962287,"anger","Right DLPFC","Average_pupil_diameter","ET","V1_pooled"
72,-0.121947412724003,0.463949358596836,"fear","Right DLPFC","Q1","Survey","V1_pooled"
70,0.117062882905993,0.462454810088206,"anger","Left DLPFC","Average_duration_of_fixations","ET","V1_pooled"
71,0.113916965199957,0.456278019483451,"sadness","Left VLPFC","Q1","Survey","V1_pooled"
71,-0.113525568088561,0.454687433289637,"sadness","Left VLPFC","Average_pupil_diameter","ET","V1_pooled"
73,-0.114800210544415,0.449042690559029,"sadness","Left OFC","Average_pupil_diameter","ET","V1_pooled"
73,-0.115346181819466,0.449042690559029,"sadness","Right OFC","Average_pupil_diameter","ET","V1_pooled"
70,-0.112118176757271,0.449004979210172,"disgust","Left FPC","Q2","Survey","V1_pooled"
72,0.113711884520019,0.448947092089521,"sadness","Right DLPFC","Q4","Survey","V1_pooled"
72,-0.110899231232215,0.442999540119734,"anger","Right DLPFC","Number_of_fixations","ET","V1_pooled"
65,0.118825205128056,0.441137038836066,"sadness","Right VLPFC","Q2","Survey","V1_pooled"
73,-0.112154339830575,0.441044664894556,"anger","Left OFC","Number_of_fixations","ET","V1_pooled"
73,-0.114357651407384,0.441044664894556,"anger","Right OFC","Number_of_fixations","ET","V1_pooled"
71,-0.110160026038236,0.439672696967109,"sadness","Left VLPFC","Number_of_fixations","ET","V1_pooled"
65,0.111451074387614,0.439295439901412,"sadness","Right VLPFC","Q3","Survey","V1_pooled"
73,-0.109704711397203,0.438901090670863,"fear","Left OFC","Q4","Survey","V1_pooled"
73,-0.11161846609545,0.438901090670863,"fear","Right OFC","Q4","Survey","V1_pooled"
70,-0.111225595322865,0.436616964956376,"fear","Left DLPFC","Average_duration_of_fixations","ET","V1_pooled"
68,0.110531273732609,0.436322579175291,"fear","Left VLPFC","Average_eye_openness","ET","V1_pooled"
64,0.107680493896857,0.432158873036616,"fear","Right FPC","Average_eye_openness","ET","V1_pooled"
68,-0.108804797504862,0.432001375696904,"anger","Right FPC","Total_duration_of_fixations","ET","V1_pooled"
71,0.111055263370244,0.430027160686,"sadness","Left VLPFC","Q3","Survey","V1_pooled"
68,0.107464150491561,0.428940784820632,"joy","Right FPC","Average_pupil_diameter","ET","V1_pooled"
73,-0.109490811136103,0.428861350200088,"sadness","Left OFC","Number_of_fixations","ET","V1_pooled"
73,-0.11350864567144,0.428861350200088,"sadness","Right OFC","Number_of_fixations","ET","V1_pooled"
73,-0.105587388075014,0.421876515611069,"disgust","Left OFC","Q1","Survey","V1_pooled"
73,-0.109328407186181,0.421876515611069,"disgust","Right OFC","Q1","Survey","V1_pooled"
71,-0.106388691555138,0.419356472522192,"anger","Left VLPFC","Q2","Survey","V1_pooled"
71,-0.104889810104967,0.417717736906726,"fear","Left VLPFC","Q2","Survey","V1_pooled"
68,-0.10642864952142,0.41380752390539,"sadness","Right FPC","Average_duration_of_fixations","ET","V1_pooled"
71,-0.10347661535356,0.41068615099227,"disgust","Left VLPFC","Q2","Survey","V1_pooled"
65,0.106758006906542,0.408167674464588,"joy","Right VLPFC","Q1","Survey","V1_pooled"
68,-0.102133947253416,0.406660410318453,"joy","Right FPC","Q1","Survey","V1_pooled"
71,0.105904642991897,0.406309103143832,"anger","Left VLPFC","Number_of_fixations","ET","V1_pooled"
71,0.104626036918357,0.404252590902668,"joy","Left VLPFC","Q1","Survey","V1_pooled"
73,0.103980302238976,0.403810008552136,"anger","Left OFC","Q_mean","Survey","V1_pooled"
73,0.102918082544006,0.403810008552136,"anger","Right OFC","Q_mean","Survey","V1_pooled"
71,0.104468726702615,0.40210089818884,"sadness","Left VLPFC","Q4","Survey","V1_pooled"
73,0.103282952891166,0.401040584541948,"anger","Left OFC","Q2","Survey","V1_pooled"
73,0.103135029555032,0.401040584541948,"anger","Right OFC","Q2","Survey","V1_pooled"
71,-0.101494427768882,0.400416605611877,"disgust","Left VLPFC","Average_pupil_diameter","ET","V1_pooled"
70,0.0992457902390122,0.394930635806103,"disgust","Left DLPFC","Average_duration_of_fixations","ET","V1_pooled"
70,-0.101755623321515,0.394510521945681,"disgust","Left FPC","Q4","Survey","V1_pooled"
70,-0.103092068627189,0.393853643795753,"fear","Left FPC","Q_mean","Survey","V1_pooled"
71,0.096504382584471,0.393118411280419,"sadness","Left VLPFC","Q_mean","Survey","V1_pooled"
70,0.0956416296281519,0.39211360886651,"anger","Left DLPFC","Q3","Survey","V1_pooled"
70,0.0978630103609265,0.390625532510675,"disgust","Left FPC","Average_duration_of_fixations","ET","V1_pooled"
72,-0.0941738396321273,0.38778562576912,"fear","Right DLPFC","Total_duration_of_fixations","ET","V1_pooled"
70,-0.0969147122727587,0.386518505717964,"joy","Left DLPFC","Q_mean","Survey","V1_pooled"
68,-0.09178613393998,0.384982853656571,"sadness","Right FPC","Average_pupil_diameter","ET","V1_pooled"
72,-0.0937719563178352,0.383876006588724,"disgust","Right DLPFC","Q1","Survey","V1_pooled"
70,-0.0921162571711006,0.382858819731633,"disgust","Left FPC","Q_mean","Survey","V1_pooled"
70,0.0935183409710965,0.381087021609751,"disgust","Left DLPFC","Q3","Survey","V1_pooled"
70,0.0930197996427195,0.380236903036002,"anger","Left DLPFC","Q1","Survey","V1_pooled"
72,0.0991012063238832,0.379218743467937,"sadness","Right DLPFC","Q_mean","Survey","V1_pooled"
71,-0.095373302248623,0.378544512517301,"disgust","Left VLPFC","Q_mean","Survey","V1_pooled"
68,-0.090875731635343,0.377735486818854,"joy","Right FPC","Number_of_fixations","ET","V1_pooled"
70,-0.0953722153449278,0.377079349486017,"fear","Left FPC","Q4","Survey","V1_pooled"
71,-0.0942231896436901,0.368378569958697,"anger","Left VLPFC","Q_mean","Survey","V1_pooled"
73,-0.0895555096111733,0.368341935906495,"joy","Left OFC","Q2","Survey","V1_pooled"
73,-0.0906536414440704,0.368341935906495,"joy","Right OFC","Q2","Survey","V1_pooled"
71,0.0852655277297916,0.36628972053541,"joy","Left VLPFC","Average_duration_of_fixations","ET","V1_pooled"
73,0.0855205919017464,0.366236272170264,"anger","Left OFC","Q3","Survey","V1_pooled"
73,0.09151486609772,0.366236272170264,"anger","Right OFC","Q3","Survey","V1_pooled"
73,-0.089589620646707,0.365738888723037,"fear","Left OFC","Q_mean","Survey","V1_pooled"
73,-0.0910451451645707,0.365738888723037,"fear","Right OFC","Q_mean","Survey","V1_pooled"
68,0.0865904561244277,0.36395244474306,"anger","Right FPC","Q4","Survey","V1_pooled"
73,0.0892928326734558,0.362557195540551,"disgust","Left OFC","Average_duration_of_fixations","ET","V1_pooled"
73,0.0920777509269905,0.362557195540551,"disgust","Right OFC","Average_duration_of_fixations","ET","V1_pooled"
65,-0.0902333241505918,0.362171890874037,"fear","Right VLPFC","Average_eye_openness","ET","V1_pooled"
70,-0.0884479434594855,0.362138973295323,"fear","Left FPC","Q3","Survey","V1_pooled"
68,0.0863431954582107,0.360374468787886,"fear","Right FPC","Average_pupil_diameter","ET","V1_pooled"
68,0.082875317337683,0.359930928914939,"sadness","Right FPC","Q3","Survey","V1_pooled"
73,-0.0900182705603515,0.358207681690923,"fear","Left OFC","Total_duration_of_fixations","ET","V1_pooled"
73,-0.0872880500464691,0.358207681690923,"fear","Right OFC","Total_duration_of_fixations","ET","V1_pooled"
68,-0.082646868473436,0.353591195281109,"fear","Right DLPFC","Average_eye_openness","ET","V1_pooled"
68,-0.0787214438141082,0.351796155673929,"fear","Right FPC","Average_duration_of_fixations","ET","V1_pooled"
65,-0.0783067384962657,0.350588700134894,"fear","Right VLPFC","Average_duration_of_fixations","ET","V1_pooled"
73,-0.0835371992717102,0.349983372003702,"fear","Left OFC","Q2","Survey","V1_pooled"
73,-0.0825166747605593,0.349983372003702,"fear","Right OFC","Q2","Survey","V1_pooled"
65,0.0757921599148605,0.34934740778728,"joy","Right VLPFC","Q3","Survey","V1_pooled"
73,0.083968177124609,0.348568407932127,"sadness","Left OFC","Q_mean","Survey","V1_pooled"
73,0.079285325504285,0.348568407932127,"sadness","Right OFC","Q_mean","Survey","V1_pooled"
72,-0.078589575299726,0.347903747118011,"joy","Right DLPFC","Average_duration_of_fixations","ET","V1_pooled"
65,-0.0782325772072085,0.346893734614163,"disgust","Right VLPFC","Q1","Survey","V1_pooled"
68,-0.0751927171082282,0.346323133443287,"joy","Right FPC","Q2","Survey","V1_pooled"
70,0.0818691614325658,0.345353228913419,"anger","Left DLPFC","Total_duration_of_fixations","ET","V1_pooled"
70,0.0805644348257362,0.344854977113135,"sadness","Left DLPFC","Q_mean","Survey","V1_pooled"
71,0.0803628760089417,0.343729098375095,"joy","Left VLPFC","Q3","Survey","V1_pooled"
72,0.0782909973056066,0.342489383247619,"fear","Right DLPFC","Q3","Survey","V1_pooled"
71,0.0777928307924276,0.341113493527907,"fear","Left VLPFC","Number_of_fixations","ET","V1_pooled"
70,0.0774337218923557,0.339784815562775,"anger","Left FPC","Q4","Survey","V1_pooled"
70,0.07983327850618,0.33820444247344,"sadness","Left DLPFC","Q4","Survey","V1_pooled"
71,-0.0772772817933041,0.337720775355326,"anger","Left VLPFC","Q3","Survey","V1_pooled"
70,-0.0793400406708925,0.337002672031467,"joy","Left DLPFC","Total_duration_of_fixations","ET","V1_pooled"
70,-0.0737550033154473,0.334868202245175,"anger","Left FPC","Total_duration_of_fixations","ET","V1_pooled"
70,-0.0705498709677029,0.33103938296542,"joy","Left DLPFC","Number_of_fixations","ET","V1_pooled"
71,-0.075734723979273,0.329843274825234,"anger","Left VLPFC","Average_pupil_diameter","ET","V1_pooled"
65,0.0725875899821584,0.329564508070692,"sadness","Right VLPFC","Q_mean","Survey","V1_pooled"
68,0.0663812525205757,0.328301594229151,"fear","Right FPC","Total_duration_of_fixations","ET","V1_pooled"
68,0.0708330493374665,0.327750005704205,"sadness","Right FPC","Q_mean","Survey","V1_pooled"
70,-0.064516839958614,0.327408442710951,"disgust","Left FPC","Q3","Survey","V1_pooled"
65,0.0657608906360293,0.324198305027979,"joy","Right VLPFC","Q_mean","Survey","V1_pooled"
72,-0.0660529208831203,0.323612817789501,"fear","Right DLPFC","Average_pupil_diameter","ET","V1_pooled"
65,0.0622994836604096,0.323065456427272,"joy","Right VLPFC","Q2","Survey","V1_pooled"
68,0.0650956661723634,0.322949478635701,"sadness","Right FPC","Q2","Survey","V1_pooled"
72,0.0674243564442889,0.322261871511286,"anger","Right DLPFC","Q1","Survey","V1_pooled"
66,-0.0625444158942656,0.322064014234599,"fear","Left DLPFC","Average_eye_openness","ET","V1_pooled"
73,-0.0687107825991969,0.32202033908592,"fear","Left OFC","Average_duration_of_fixations","ET","V1_pooled"
73,-0.0692384119727035,0.32202033908592,"fear","Right OFC","Average_duration_of_fixations","ET","V1_pooled"
73,-0.0703726631124997,0.321856219392904,"disgust","Left OFC","Average_pupil_diameter","ET","V1_pooled"
73,-0.0683618600880389,0.321856219392904,"disgust","Right OFC","Average_pupil_diameter","ET","V1_pooled"
70,-0.0688065031690427,0.32136181524873,"disgust","Left FPC","Q1","Survey","V1_pooled"
70,-0.0694050085439109,0.321252923370285,"fear","Left DLPFC","Q_mean","Survey","V1_pooled"
70,-0.0641426306625784,0.321235167634205,"joy","Left DLPFC","Q1","Survey","V1_pooled"
70,-0.0664333278378357,0.321058697036122,"fear","Left FPC","Average_duration_of_fixations","ET","V1_pooled"
72,0.0698768411662671,0.320473387048875,"fear","Right DLPFC","Average_duration_of_fixations","ET","V1_pooled"
73,0.069194176340647,0.32043969476388,"sadness","Left OFC","Q4","Survey","V1_pooled"
73,0.0691692164200182,0.32043969476388,"sadness","Right OFC","Q4","Survey","V1_pooled"
71,-0.0640108662741048,0.317159849387884,"fear","Left VLPFC","Q3","Survey","V1_pooled"
68,-0.0540469236394272,0.316219129958941,"fear","Right FPC","Q2","Survey","V1_pooled"
70,-0.0660135092664209,0.316095727381938,"joy","Left DLPFC","Q3","Survey","V1_pooled"
68,0.0583812645549107,0.314343151777899,"sadness","Right FPC","Q4","Survey","V1_pooled"
68,-0.0626238555249063,0.313695840306652,"anger","Right FPC","Q1","Survey","V1_pooled"
70,-0.0597915607054776,0.31242094786744,"fear","Left FPC","Q2","Survey","V1_pooled"
68,-0.0587076781892936,0.311837159894172,"joy","Right FPC","Q_mean","Survey","V1_pooled"
65,0.053254920437064,0.310926376228155,"anger","Right VLPFC","Number_of_fixations","ET","V1_pooled"
70,0.0558693443845783,0.310081612057353,"anger","Left FPC","Q3","Survey","V1_pooled"
69,-0.0599359530509088,0.309751950113589,"anger","Left OFC","Average_eye_openness","ET","V1_pooled"
69,-0.0523797786676208,0.309751950113589,"anger","Right OFC","Average_eye_openness","ET","V1_pooled"
71,0.0595947770701839,0.309676935402207,"fear","Left VLPFC","Total_duration_of_fixations","ET","V1_pooled"
70,-0.0549300736890785,0.308802301153342,"fear","Left DLPFC","Q4","Survey","V1_pooled"
71,0.0571315798140569,0.307276936512424,"joy","Left VLPFC","Average_pupil_diameter","ET","V1_pooled"
65,-0.0494792227060883,0.30675857026114,"anger","Right VLPFC","Q1","Survey","V1_pooled"
72,0.0574046879970191,0.306578681080812,"sadness","Right DLPFC","Q1","Survey","V1_pooled"
70,0.0535250274993691,0.305858670783769,"disgust","Left DLPFC","Q_mean","Survey","V1_pooled"
73,-0.0631585589709291,0.305188654811723,"anger","Left OFC","Total_duration_of_fixations","ET","V1_pooled"
73,-0.0613475303120842,0.305188654811723,"anger","Right OFC","Total_duration_of_fixations","ET","V1_pooled"
68,0.0563004297302262,0.30493839426171,"anger","Right FPC","Average_duration_of_fixations","ET","V1_pooled"
71,0.0555126801649588,0.304662719907801,"anger","Left VLPFC","Q4","Survey","V1_pooled"
70,0.0607085387330743,0.304523134642192,"disgust","Left DLPFC","Q1","Survey","V1_pooled"
70,0.0563467641267216,0.303892560192368,"anger","Left FPC","Q_mean","Survey","V1_pooled"
71,0.0530381371609195,0.303301080357208,"fear","Left VLPFC","Average_pupil_diameter","ET","V1_pooled"
65,0.0465815460636285,0.302789355137534,"anger","Right VLPFC","Q3","Survey","V1_pooled"
68,-0.0499790778491506,0.301364704229027,"fear","Right FPC","Q1","Survey","V1_pooled"
73,0.0586069375883658,0.301105723675054,"anger","Left OFC","Average_duration_of_fixations","ET","V1_pooled"
73,0.0536241771519449,0.301105723675054,"anger","Right OFC","Average_duration_of_fixations","ET","V1_pooled"
72,0.0561927207886187,0.300222478523854,"anger","Right DLPFC","Average_duration_of_fixations","ET","V1_pooled"
70,-0.0515678933864872,0.299519627567591,"joy","Left DLPFC","Average_duration_of_fixations","ET","V1_pooled"
65,0.0377102120217788,0.299148257926997,"sadness","Right VLPFC","Q1","Survey","V1_pooled"
70,0.0493266218496613,0.298888094131912,"sadness","Left DLPFC","Q1","Survey","V1_pooled"
70,-0.0517229722251171,0.298355031407543,"joy","Left DLPFC","Q4","Survey","V1_pooled"
68,-0.0470347847423256,0.298093072762612,"joy","Right FPC","Q4","Survey","V1_pooled"
73,-0.0529702952881683,0.296790851047767,"joy","Left OFC","Average_duration_of_fixations","ET","V1_pooled"
73,-0.0483639398869697,0.296790851047767,"joy","Right OFC","Average_duration_of_fixations","ET","V1_pooled"
71,-0.0412751105301227,0.296082318655569,"anger","Left VLPFC","Average_duration_of_fixations","ET","V1_pooled"
73,0.0538460183620793,0.295304498464823,"joy","Left OFC","Q3","Survey","V1_pooled"
73,0.051206506488916,0.295304498464823,"joy","Right OFC","Q3","Survey","V1_pooled"
70,0.0452653790527796,0.294697956995512,"sadness","Left FPC","Q3","Survey","V1_pooled"
70,0.0462524438882037,0.293989666782631,"joy","Left FPC","Q2","Survey","V1_pooled"
70,-0.0440294318553282,0.293936132271978,"joy","Left FPC","Average_duration_of_fixations","ET","V1_pooled"
70,-0.0472124520324871,0.292873861539577,"fear","Left DLPFC","Q2","Survey","V1_pooled"
70,0.0431700524177589,0.292596713493087,"sadness","Left DLPFC","Number_of_fixations","ET","V1_pooled"
67,-0.0382677975697546,0.292540520691852,"anger","Left FPC","Average_eye_openness","ET","V1_pooled"
68,0.0371847574851122,0.29183198130688,"sadness","Right FPC","Q1","Survey","V1_pooled"
73,0.0459475916461714,0.291399198239943,"sadness","Left OFC","Q1","Survey","V1_pooled"
73,0.0456413589416896,0.291399198239943,"sadness","Right OFC","Q1","Survey","V1_pooled"
65,0.0297013777151262,0.290763780876682,"disgust","Right VLPFC","Average_duration_of_fixations","ET","V1_pooled"
71,-0.0432374641438791,0.290170627921653,"disgust","Left VLPFC","Q1","Survey","V1_pooled"
65,-0.0262330724340504,0.289511358416145,"anger","Right VLPFC","Average_pupil_diameter","ET","V1_pooled"
70,0.040542001653002,0.288885396287192,"disgust","Left DLPFC","Q4","Survey","V1_pooled"
70,0.0384267709675595,0.28886418535163,"sadness","Left FPC","Q4","Survey","V1_pooled"
65,-0.02809494292228,0.288175314498297,"joy","Right VLPFC","Average_duration_of_fixations","ET","V1_pooled"
68,0.0303506162098286,0.286998748243234,"disgust","Right FPC","Average_pupil_diameter","ET","V1_pooled"
71,0.0369613275769725,0.285931560319968,"joy","Left VLPFC","Q_mean","Survey","V1_pooled"
65,0.0202287610221436,0.285621378082739,"anger","Right VLPFC","Q4","Survey","V1_pooled"
68,-0.0331276025300998,0.285547343353639,"fear","Right FPC","Q_mean","Survey","V1_pooled"
72,-0.0407944274763021,0.285333221479498,"fear","Right DLPFC","Q4","Survey","V1_pooled"
66,-0.0235269335908463,0.284813383779646,"anger","Left DLPFC","Average_eye_openness","ET","V1_pooled"
70,-0.035195909995592,0.284808697014461,"disgust","Left DLPFC","Total_duration_of_fixations","ET","V1_pooled"
65,-0.0145656573790883,0.284359575987863,"sadness","Right VLPFC","Q4","Survey","V1_pooled"
65,-0.0137068257986359,0.284012626094893,"joy","Right VLPFC","Q4","Survey","V1_pooled"
65,-0.0159486278809691,0.283697836837955,"anger","Right VLPFC","Total_duration_of_fixations","ET","V1_pooled"
71,0.0346586312097746,0.283624199572669,"sadness","Left VLPFC","Q2","Survey","V1_pooled"
70,0.0316274064882672,0.283533701838997,"anger","Left FPC","Q2","Survey","V1_pooled"
70,0.0325660138667211,0.283046422012328,"sadness","Left DLPFC","Q2","Survey","V1_pooled"
70,-0.0298491253178679,0.282572196309,"anger","Left FPC","Average_duration_of_fixations","ET","V1_pooled"
65,0.00910654166916616,0.282117016411935,"anger","Right VLPFC","Q_mean","Survey","V1_pooled"
65,-0.00506580818742598,0.281976382710948,"anger","Right VLPFC","Q2","Survey","V1_pooled"
65,0.00185928380425309,0.281881446874586,"anger","Right VLPFC","Average_duration_of_fixations","ET","V1_pooled"
68,-0.0238388966432641,0.281703372262654,"fear","Right FPC","Q4","Survey","V1_pooled"
68,0.0187529452573591,0.281063124298125,"anger","Right FPC","Q3","Survey","V1_pooled"
68,0.0197505100117875,0.280849872471889,"anger","Right DLPFC","Average_eye_openness","ET","V1_pooled"
70,0.0275423154237064,0.280627149602175,"joy","Left FPC","Q3","Survey","V1_pooled"
73,-0.0373053172757037,0.280579669637205,"fear","Left OFC","Number_of_fixations","ET","V1_pooled"
73,-0.0334233038685448,0.280579669637205,"fear","Right OFC","Number_of_fixations","ET","V1_pooled"
72,0.031914564476028,0.279920566418603,"anger","Right DLPFC","Total_duration_of_fixations","ET","V1_pooled"
70,0.0281330607885705,0.279855415099661,"joy","Left FPC","Q_mean","Survey","V1_pooled"
68,0.0165618715619943,0.279369745729869,"disgust","Right FPC","Average_duration_of_fixations","ET","V1_pooled"
68,0.0169680646480883,0.27902287855831,"fear","Right FPC","Q3","Survey","V1_pooled"
68,0.0127086229450318,0.278611257878656,"anger","Right FPC","Q_mean","Survey","V1_pooled"
70,-0.0236832428079441,0.27844023755836,"anger","Left FPC","Average_pupil_diameter","ET","V1_pooled"
70,0.0248662833250641,0.27808363658553,"joy","Left FPC","Q1","Survey","V1_pooled"
70,0.0244135725999558,0.278024072208955,"anger","Left FPC","Q1","Survey","V1_pooled"
72,0.0268460500377652,0.277807040951647,"fear","Right DLPFC","Q2","Survey","V1_pooled"
68,0.0134990005380921,0.277026912341459,"joy","Right FPC","Q3","Survey","V1_pooled"
69,-0.0192701723069326,0.277005970783762,"fear","Left OFC","Average_eye_openness","ET","V1_pooled"
69,-0.0159255072200452,0.277005970783762,"fear","Right OFC","Average_eye_openness","ET","V1_pooled"
72,0.0230434657550603,0.276360637936023,"sadness","Right DLPFC","Q2","Survey","V1_pooled"
68,0.00725364534506394,0.276268575292766,"anger","Right FPC","Q2","Survey","V1_pooled"
70,0.0179447354219091,0.275412144419283,"disgust","Left DLPFC","Number_of_fixations","ET","V1_pooled"
70,-0.0187830778702385,0.275311614216587,"sadness","Left FPC","Q1","Survey","V1_pooled"
70,0.014885543219197,0.275271641647119,"sadness","Left FPC","Q_mean","Survey","V1_pooled"
73,0.0263543035809471,0.274878479278766,"sadness","Left OFC","Q2","Survey","V1_pooled"
73,0.0295342508953971,0.274878479278766,"sadness","Right OFC","Q2","Survey","V1_pooled"
70,0.0109483630619234,0.274711469249165,"joy","Left DLPFC","Average_pupil_diameter","ET","V1_pooled"
70,-0.0193069757172285,0.274402306843929,"sadness","Left FPC","Q2","Survey","V1_pooled"
71,-0.0159592000489067,0.274375316510497,"joy","Left VLPFC","Q4","Survey","V1_pooled"
70,0.0137163709573815,0.274265032904272,"disgust","Left DLPFC","Q2","Survey","V1_pooled"
73,-0.0292554705054247,0.273887403597188,"joy","Left OFC","Q4","Survey","V1_pooled"
73,-0.0241384262698583,0.273887403597188,"joy","Right OFC","Q4","Survey","V1_pooled"
70,-0.0133500151106852,0.273884619135358,"fear","Left DLPFC","Total_duration_of_fixations","ET","V1_pooled"
70,0.00973459331007629,0.273333844550438,"fear","Left DLPFC","Average_pupil_diameter","ET","V1_pooled"
72,0.0189861613283548,0.273301134805762,"sadness","Right DLPFC","Number_of_fixations","ET","V1_pooled"
71,-0.0182565469079814,0.273001990317086,"disgust","Left VLPFC","Q3","Survey","V1_pooled"
70,-0.00926748944235688,0.272687896763837,"sadness","Left FPC","Number_of_fixations","ET","V1_pooled"
71,-0.0153623395817279,0.272641321963833,"joy","Left VLPFC","Q2","Survey","V1_pooled"
70,0.00516740005666278,0.272617049894505,"fear","Left DLPFC","Q3","Survey","V1_pooled"
71,-0.0136843641539016,0.272511261596053,"disgust","Left VLPFC","Average_duration_of_fixations","ET","V1_pooled"
70,0.00374085025472819,0.272328487838671,"joy","Left FPC","Q4","Survey","V1_pooled"
72,-0.0132021809545126,0.271283246662652,"joy","Right DLPFC","Q4","Survey","V1_pooled"
73,-0.0181196300455682,0.271156180200768,"joy","Left OFC","Average_pupil_diameter","ET","V1_pooled"
73,-0.018699288360044,0.271156180200768,"joy","Right OFC","Average_pupil_diameter","ET","V1_pooled"
71,0.00878319288889559,0.271030155572052,"fear","Left VLPFC","Average_duration_of_fixations","ET","V1_pooled"
73,-0.0188645365657648,0.270910478910416,"joy","Left OFC","Q_mean","Survey","V1_pooled"
73,-0.0145038812104669,0.270910478910416,"joy","Right OFC","Q_mean","Survey","V1_pooled"
73,-0.0184461479338373,0.270410333287863,"fear","Left OFC","Average_pupil_diameter","ET","V1_pooled"
73,-0.0185350151883481,0.270410333287863,"fear","Right OFC","Average_pupil_diameter","ET","V1_pooled"
72,-0.00929661435143386,0.270050049635639,"fear","Right DLPFC","Q_mean","Survey","V1_pooled"
73,-0.0165011365899252,0.269717998883191,"anger","Left OFC","Q1","Survey","V1_pooled"
73,-0.0182463091082973,0.269717998883191,"anger","Right OFC","Q1","Survey","V1_pooled"
72,-0.0103708499542324,0.268931819547815,"disgust","Right DLPFC","Average_duration_of_fixations","ET","V1_pooled"
73,-0.00935614118243802,0.267316927947272,"joy","Left OFC","Q1","Survey","V1_pooled"
73,-0.0064965114869884,0.267316927947272,"joy","Right OFC","Q1","Survey","V1_pooled"
73,-0.00411067626043031,0.267015256627591,"fear","Left OFC","Q3","Survey","V1_pooled"
73,-0.000994025506640911,0.267015256627591,"fear","Right OFC","Q3","Survey","V1_pooled"
